{"v":"5.9.0","fr":24,"ip":0,"op":108,"w":500,"h":650,"nm":"3 lines - Top to left & Right + Right to left","ddd":0,"assets":[],"layers":[{"ddd":0,"ind":1,"ty":4,"nm":"Shape Layer 4","parent":3,"sr":1,"ks":{"o":{"a":1,"k":[{"i":{"x":[0.667],"y":[1]},"o":{"x":[0.333],"y":[0]},"t":0,"s":[0]},{"i":{"x":[0.667],"y":[1]},"o":{"x":[0.333],"y":[0]},"t":7,"s":[100]},{"i":{"x":[0.667],"y":[1]},"o":{"x":[0.333],"y":[0]},"t":89,"s":[100]},{"t":96,"s":[0]}],"ix":11},"r":{"a":0,"k":-90,"ix":10},"p":{"a":1,"k":[{"i":{"x":0.833,"y":0.833},"o":{"x":0.167,"y":0.167},"t":0,"s":[-9.056,682.072,0],"to":[0,0,0],"ti":[0,0,0]},{"t":96,"s":[1062.984,681.202,0]}],"ix":2,"l":2},"a":{"a":0,"k":[6.5,-60,0],"ix":1,"l":2},"s":{"a":0,"k":[360,360,100],"ix":6,"l":2}},"ao":0,"shapes":[{"ty":"gr","it":[{"ty":"sr","sy":2,"d":1,"pt":{"a":0,"k":3,"ix":3},"p":{"a":0,"k":[0,0],"ix":4},"r":{"a":0,"k":180,"ix":5},"or":{"a":0,"k":61.221,"ix":7},"os":{"a":0,"k":0,"ix":9},"ix":1,"nm":"Polystar Path 1","mn":"ADBE Vector Shape - Star","hd":false},{"ty":"gf","o":{"a":0,"k":100,"ix":10},"r":1,"bm":0,"g":{"p":3,"k":{"a":0,"k":[0,0.906,0.737,0.055,0.5,0.475,0.624,0.463,1,0.043,0.51,0.871],"ix":9}},"s":{"a":0,"k":[0,39.971],"ix":5},"e":{"a":0,"k":[-0.538,-28.313],"ix":6},"t":1,"nm":"Gradient Fill 1","mn":"ADBE Vector Graphic - G-Fill","hd":false},{"ty":"tr","p":{"a":0,"k":[6,-62],"ix":2},"a":{"a":0,"k":[0,0],"ix":1},"s":{"a":0,"k":[17.096,11.258],"ix":3},"r":{"a":0,"k":0,"ix":6},"o":{"a":0,"k":100,"ix":7},"sk":{"a":0,"k":0,"ix":4},"sa":{"a":0,"k":0,"ix":5},"nm":"Transform"}],"nm":"Polystar 1","np":2,"cix":2,"bm":0,"ix":1,"mn":"ADBE Vector Group","hd":false}],"ip":0,"op":108,"st":0,"bm":0},{"ddd":0,"ind":2,"ty":4,"nm":"line 1 Outlines 7","parent":3,"sr":1,"ks":{"o":{"a":0,"k":100,"ix":11},"r":{"a":0,"k":0,"ix":10},"p":{"a":0,"k":[512,680,0],"ix":2,"l":2},"a":{"a":0,"k":[512,680,0],"ix":1,"l":2},"s":{"a":0,"k":[100,100,100],"ix":6,"l":2}},"ao":0,"shapes":[{"ty":"gr","it":[{"ind":0,"ty":"sh","ix":1,"ks":{"a":0,"k":{"i":[[0,0],[0,0]],"o":[[0,0],[0,0]],"v":[[773.103,333.478],[-259.427,333.451]],"c":false},"ix":2},"nm":"Path 1","mn":"ADBE Vector Shape - Group","hd":false},{"ty":"gs","o":{"a":0,"k":100,"ix":9},"w":{"a":0,"k":10,"ix":10},"g":{"p":3,"k":{"a":0,"k":[0,0.044,0.511,0.871,0.67,0.475,0.623,0.462,1,0.906,0.735,0.053],"ix":8}},"s":{"a":0,"k":[-260,332],"ix":4},"e":{"a":0,"k":[518,338],"ix":5},"t":1,"lc":1,"lj":1,"ml":10,"ml2":{"a":0,"k":10,"ix":13},"bm":0,"nm":"Gradient Stroke 1","mn":"ADBE Vector Graphic - G-Stroke","hd":false},{"ty":"tr","p":{"a":0,"k":[251.484,347.951],"ix":2},"a":{"a":0,"k":[0,0],"ix":1},"s":{"a":0,"k":[100,100],"ix":3},"r":{"a":0,"k":0,"ix":6},"o":{"a":0,"k":100,"ix":7},"sk":{"a":0,"k":0,"ix":4},"sa":{"a":0,"k":0,"ix":5},"nm":"Transform"}],"nm":"Group 1","np":3,"cix":2,"bm":0,"ix":1,"mn":"ADBE Vector Group","hd":false}],"ip":0,"op":108,"st":0,"bm":0},{"ddd":0,"ind":3,"ty":4,"nm":"line 1 Outlines 5","parent":4,"sr":1,"ks":{"o":{"a":0,"k":100,"ix":11},"r":{"a":0,"k":0,"ix":10},"p":{"a":0,"k":[2.403,291.758,0],"ix":2,"l":2},"a":{"a":0,"k":[512,680,0],"ix":1,"l":2},"s":{"a":0,"k":[-50,50,100],"ix":6,"l":2}},"ao":0,"shapes":[{"ty":"gr","it":[{"ind":0,"ty":"sh","ix":1,"ks":{"a":0,"k":{"i":[[0,0],[0,0]],"o":[[0,0],[0,0]],"v":[[773.103,333.478],[-259.427,333.451]],"c":false},"ix":2},"nm":"Path 1","mn":"ADBE Vector Shape - Group","hd":false},{"ty":"st","c":{"a":0,"k":[0.757647046856,0.794574393478,0.811764705882,1],"ix":3},"o":{"a":0,"k":100,"ix":4},"w":{"a":0,"k":10,"ix":5},"lc":1,"lj":1,"ml":10,"bm":0,"nm":"Stroke 1","mn":"ADBE Vector Graphic - Stroke","hd":false},{"ty":"tr","p":{"a":0,"k":[251.484,347.951],"ix":2},"a":{"a":0,"k":[0,0],"ix":1},"s":{"a":0,"k":[100,100],"ix":3},"r":{"a":0,"k":0,"ix":6},"o":{"a":0,"k":100,"ix":7},"sk":{"a":0,"k":0,"ix":4},"sa":{"a":0,"k":0,"ix":5},"nm":"Transform"}],"nm":"Group 1","np":3,"cix":2,"bm":0,"ix":1,"mn":"ADBE Vector Group","hd":false}],"ip":0,"op":108,"st":0,"bm":0},{"ddd":0,"ind":4,"ty":3,"nm":"Null 1","sr":1,"ks":{"o":{"a":0,"k":0,"ix":11},"r":{"a":0,"k":0,"ix":10},"p":{"a":0,"k":[250,336,0],"ix":2,"l":2},"a":{"a":0,"k":[0,0,0],"ix":1,"l":2},"s":{"a":0,"k":[100,100,100],"ix":6,"l":2}},"ao":0,"ip":0,"op":108,"st":0,"bm":0},{"ddd":0,"ind":5,"ty":4,"nm":"Shape Layer 3","parent":4,"sr":1,"ks":{"o":{"a":1,"k":[{"i":{"x":[0.667],"y":[1]},"o":{"x":[0.333],"y":[0]},"t":0,"s":[0]},{"i":{"x":[0.667],"y":[1]},"o":{"x":[0.333],"y":[0]},"t":7,"s":[100]},{"i":{"x":[0.667],"y":[1]},"o":{"x":[0.333],"y":[0]},"t":89,"s":[100]},{"t":96,"s":[0]}],"ix":11},"r":{"a":1,"k":[{"i":{"x":[0.667],"y":[1]},"o":{"x":[0.333],"y":[0]},"t":64,"s":[0]},{"t":72,"s":[-90]}],"ix":10},"p":{"a":1,"k":[{"i":{"x":0.619,"y":0.619},"o":{"x":0.167,"y":0.167},"t":0,"s":[15.286,-344.641,0],"to":[0,0,0],"ti":[0,0,0]},{"i":{"x":0.676,"y":0.676},"o":{"x":0.341,"y":0.341},"t":63.395,"s":[15.286,215.657,0],"to":[0,54.474,0],"ti":[-12.851,-0.206,0]},{"i":{"x":0.833,"y":0.833},"o":{"x":0.443,"y":0.443},"t":71.528,"s":[51.649,264.044,0],"to":[12.851,0.206,0],"ti":[-36.047,0,0]},{"t":96,"s":[267.931,264.044,0]}],"ix":2,"l":2},"a":{"a":0,"k":[6.5,-60,0],"ix":1,"l":2},"s":{"a":0,"k":[180,180,100],"ix":6,"l":2}},"ao":0,"shapes":[{"ty":"gr","it":[{"ty":"sr","sy":2,"d":1,"pt":{"a":0,"k":3,"ix":3},"p":{"a":0,"k":[0,0],"ix":4},"r":{"a":0,"k":180,"ix":5},"or":{"a":0,"k":61.221,"ix":7},"os":{"a":0,"k":0,"ix":9},"ix":1,"nm":"Polystar Path 1","mn":"ADBE Vector Shape - Star","hd":false},{"ty":"gf","o":{"a":0,"k":100,"ix":10},"r":1,"bm":0,"g":{"p":3,"k":{"a":0,"k":[0,0.906,0.737,0.055,0.5,0.475,0.624,0.463,1,0.043,0.51,0.871],"ix":9}},"s":{"a":0,"k":[0,39.971],"ix":5},"e":{"a":0,"k":[-0.538,-28.313],"ix":6},"t":1,"nm":"Gradient Fill 1","mn":"ADBE Vector Graphic - G-Fill","hd":false},{"ty":"tr","p":{"a":0,"k":[6,-62],"ix":2},"a":{"a":0,"k":[0,0],"ix":1},"s":{"a":0,"k":[17.096,11.258],"ix":3},"r":{"a":0,"k":0,"ix":6},"o":{"a":0,"k":100,"ix":7},"sk":{"a":0,"k":0,"ix":4},"sa":{"a":0,"k":0,"ix":5},"nm":"Transform"}],"nm":"Polystar 1","np":2,"cix":2,"bm":0,"ix":1,"mn":"ADBE Vector Group","hd":false}],"ip":0,"op":108,"st":0,"bm":0},{"ddd":0,"ind":6,"ty":4,"nm":"line 1 Outlines 2","parent":4,"sr":1,"ks":{"o":{"a":0,"k":100,"ix":11},"r":{"a":0,"k":0,"ix":10},"p":{"a":0,"k":[133.403,106.758,0],"ix":2,"l":2},"a":{"a":0,"k":[250,350,0],"ix":1,"l":2},"s":{"a":0,"k":[-50,50,100],"ix":6,"l":2}},"ao":0,"shapes":[{"ty":"gr","it":[{"ind":0,"ty":"sh","ix":1,"ks":{"a":0,"k":{"i":[[0,0],[0,0],[26.723,0],[0,0]],"o":[[0,0],[0,26.724],[0,0],[0,0]],"v":[[236.791,-911.468],[234.678,270.08],[186.29,318.468],[-234.678,318.468]],"c":false},"ix":2},"nm":"Path 1","mn":"ADBE Vector Shape - Group","hd":false},{"ty":"gs","o":{"a":0,"k":100,"ix":9},"w":{"a":0,"k":10,"ix":10},"g":{"p":3,"k":{"a":0,"k":[0,0.044,0.511,0.871,0.5,0.475,0.623,0.462,1,0.906,0.735,0.053],"ix":8}},"s":{"a":0,"k":[-232,332],"ix":4},"e":{"a":0,"k":[234,-326],"ix":5},"t":1,"lc":1,"lj":1,"ml":10,"ml2":{"a":0,"k":10,"ix":13},"bm":0,"nm":"Gradient Stroke 1","mn":"ADBE Vector Graphic - G-Stroke","hd":false},{"ty":"tr","p":{"a":0,"k":[251.484,347.951],"ix":2},"a":{"a":0,"k":[0,0],"ix":1},"s":{"a":0,"k":[100,100],"ix":3},"r":{"a":0,"k":0,"ix":6},"o":{"a":0,"k":100,"ix":7},"sk":{"a":0,"k":0,"ix":4},"sa":{"a":0,"k":0,"ix":5},"nm":"Transform"}],"nm":"Group 1","np":3,"cix":2,"bm":0,"ix":1,"mn":"ADBE Vector Group","hd":false}],"ip":0,"op":108,"st":0,"bm":0},{"ddd":0,"ind":7,"ty":4,"nm":"line 1 Outlines 4","parent":4,"sr":1,"ks":{"o":{"a":0,"k":100,"ix":11},"r":{"a":0,"k":0,"ix":10},"p":{"a":0,"k":[133.403,106.758,0],"ix":2,"l":2},"a":{"a":0,"k":[250,350,0],"ix":1,"l":2},"s":{"a":0,"k":[-50,50,100],"ix":6,"l":2}},"ao":0,"shapes":[{"ty":"gr","it":[{"ind":0,"ty":"sh","ix":1,"ks":{"a":0,"k":{"i":[[0,0],[0,0],[26.723,0],[0,0]],"o":[[0,0],[0,26.724],[0,0],[0,0]],"v":[[236.791,-911.468],[234.677,270.08],[186.29,318.468],[-251.053,318.451]],"c":false},"ix":2},"nm":"Path 1","mn":"ADBE Vector Shape - Group","hd":false},{"ty":"st","c":{"a":0,"k":[0.756862745098,0.796078431373,0.811764705882,1],"ix":3},"o":{"a":0,"k":100,"ix":4},"w":{"a":0,"k":10,"ix":5},"lc":1,"lj":1,"ml":10,"bm":0,"nm":"Stroke 1","mn":"ADBE Vector Graphic - Stroke","hd":false},{"ty":"tr","p":{"a":0,"k":[251.484,347.951],"ix":2},"a":{"a":0,"k":[0,0],"ix":1},"s":{"a":0,"k":[100,100],"ix":3},"r":{"a":0,"k":0,"ix":6},"o":{"a":0,"k":100,"ix":7},"sk":{"a":0,"k":0,"ix":4},"sa":{"a":0,"k":0,"ix":5},"nm":"Transform"}],"nm":"Group 1","np":3,"cix":2,"bm":0,"ix":1,"mn":"ADBE Vector Group","hd":false}],"ip":0,"op":108,"st":0,"bm":0},{"ddd":0,"ind":8,"ty":4,"nm":"Shape Layer 2","parent":4,"sr":1,"ks":{"o":{"a":1,"k":[{"i":{"x":[0.667],"y":[1]},"o":{"x":[0.333],"y":[0]},"t":0,"s":[0]},{"i":{"x":[0.667],"y":[1]},"o":{"x":[0.333],"y":[0]},"t":7,"s":[100]},{"i":{"x":[0.667],"y":[1]},"o":{"x":[0.333],"y":[0]},"t":89,"s":[100]},{"t":96,"s":[0]}],"ix":11},"r":{"a":1,"k":[{"i":{"x":[0.667],"y":[1]},"o":{"x":[0.333],"y":[0]},"t":65,"s":[0]},{"t":73,"s":[90]}],"ix":10},"p":{"a":1,"k":[{"i":{"x":0.618,"y":0.618},"o":{"x":0.167,"y":0.167},"t":0,"s":[-15.214,-344.641,0],"to":[0,0,0],"ti":[0,0,0]},{"i":{"x":0.679,"y":0.679},"o":{"x":0.343,"y":0.343},"t":63.291,"s":[-15.214,216.613,0],"to":[2,57.224,0],"ti":[26.723,0,0]},{"i":{"x":0.833,"y":0.833},"o":{"x":0.444,"y":0.444},"t":72.914,"s":[-63.601,265,0],"to":[0,0,0],"ti":[0,0,0]},{"t":96,"s":[-268.319,265,0]}],"ix":2,"l":2},"a":{"a":0,"k":[6.5,-60,0],"ix":1,"l":2},"s":{"a":0,"k":[180,180,100],"ix":6,"l":2}},"ao":0,"shapes":[{"ty":"gr","it":[{"ty":"sr","sy":2,"d":1,"pt":{"a":0,"k":3,"ix":3},"p":{"a":0,"k":[0,0],"ix":4},"r":{"a":0,"k":180,"ix":5},"or":{"a":0,"k":61.221,"ix":7},"os":{"a":0,"k":0,"ix":9},"ix":1,"nm":"Polystar Path 1","mn":"ADBE Vector Shape - Star","hd":false},{"ty":"gf","o":{"a":0,"k":100,"ix":10},"r":1,"bm":0,"g":{"p":3,"k":{"a":0,"k":[0,0.906,0.737,0.055,0.5,0.475,0.624,0.463,1,0.043,0.51,0.871],"ix":9}},"s":{"a":0,"k":[0,39.971],"ix":5},"e":{"a":0,"k":[-0.538,-28.313],"ix":6},"t":1,"nm":"Gradient Fill 1","mn":"ADBE Vector Graphic - G-Fill","hd":false},{"ty":"tr","p":{"a":0,"k":[6,-62],"ix":2},"a":{"a":0,"k":[0,0],"ix":1},"s":{"a":0,"k":[17.096,11.258],"ix":3},"r":{"a":0,"k":0,"ix":6},"o":{"a":0,"k":100,"ix":7},"sk":{"a":0,"k":0,"ix":4},"sa":{"a":0,"k":0,"ix":5},"nm":"Transform"}],"nm":"Polystar 1","np":2,"cix":2,"bm":0,"ix":1,"mn":"ADBE Vector Group","hd":false}],"ip":0,"op":108,"st":0,"bm":0},{"ddd":0,"ind":9,"ty":4,"nm":"line 1 Outlines 6","parent":4,"sr":1,"ks":{"o":{"a":0,"k":100,"ix":11},"r":{"a":0,"k":0,"ix":10},"p":{"a":0,"k":[-133.403,106.758,0],"ix":2,"l":2},"a":{"a":0,"k":[250,350,0],"ix":1,"l":2},"s":{"a":0,"k":[50,50,100],"ix":6,"l":2}},"ao":0,"shapes":[{"ty":"gr","it":[{"ind":0,"ty":"sh","ix":1,"ks":{"a":0,"k":{"i":[[0,0],[0,0],[26.723,0],[0,0]],"o":[[0,0],[0,26.724],[0,0],[0,0]],"v":[[236.791,-911.468],[234.678,270.08],[186.29,318.468],[-252.677,318.451]],"c":false},"ix":2},"nm":"Path 1","mn":"ADBE Vector Shape - Group","hd":false},{"ty":"gs","o":{"a":0,"k":100,"ix":9},"w":{"a":0,"k":10,"ix":10},"g":{"p":3,"k":{"a":0,"k":[0,0.044,0.511,0.871,0.5,0.475,0.623,0.462,1,0.906,0.735,0.053],"ix":8}},"s":{"a":0,"k":[-232,332],"ix":4},"e":{"a":0,"k":[234,-326],"ix":5},"t":1,"lc":1,"lj":1,"ml":10,"ml2":{"a":0,"k":10,"ix":13},"bm":0,"nm":"Gradient Stroke 1","mn":"ADBE Vector Graphic - G-Stroke","hd":false},{"ty":"tr","p":{"a":0,"k":[251.484,347.951],"ix":2},"a":{"a":0,"k":[0,0],"ix":1},"s":{"a":0,"k":[100,100],"ix":3},"r":{"a":0,"k":0,"ix":6},"o":{"a":0,"k":100,"ix":7},"sk":{"a":0,"k":0,"ix":4},"sa":{"a":0,"k":0,"ix":5},"nm":"Transform"}],"nm":"Group 1","np":3,"cix":2,"bm":0,"ix":1,"mn":"ADBE Vector Group","hd":false}],"ip":0,"op":108,"st":0,"bm":0},{"ddd":0,"ind":10,"ty":4,"nm":"line 1 Outlines","parent":4,"sr":1,"ks":{"o":{"a":0,"k":100,"ix":11},"r":{"a":0,"k":0,"ix":10},"p":{"a":0,"k":[-133.403,106.758,0],"ix":2,"l":2},"a":{"a":0,"k":[250,350,0],"ix":1,"l":2},"s":{"a":0,"k":[50,50,100],"ix":6,"l":2}},"ao":0,"shapes":[{"ty":"gr","it":[{"ind":0,"ty":"sh","ix":1,"ks":{"a":0,"k":{"i":[[0,0],[0,0],[26.723,0],[0,0]],"o":[[0,0],[0,26.724],[0,0],[0,0]],"v":[[236.791,-911.468],[234.678,270.08],[186.29,318.468],[-252.677,318.451]],"c":false},"ix":2},"nm":"Path 1","mn":"ADBE Vector Shape - Group","hd":false},{"ty":"st","c":{"a":0,"k":[0.756862745098,0.796078431373,0.811764705882,1],"ix":3},"o":{"a":0,"k":100,"ix":4},"w":{"a":0,"k":10,"ix":5},"lc":1,"lj":1,"ml":10,"bm":0,"nm":"Stroke 1","mn":"ADBE Vector Graphic - Stroke","hd":false},{"ty":"tr","p":{"a":0,"k":[251.484,347.951],"ix":2},"a":{"a":0,"k":[0,0],"ix":1},"s":{"a":0,"k":[100,100],"ix":3},"r":{"a":0,"k":0,"ix":6},"o":{"a":0,"k":100,"ix":7},"sk":{"a":0,"k":0,"ix":4},"sa":{"a":0,"k":0,"ix":5},"nm":"Transform"}],"nm":"Group 1","np":3,"cix":2,"bm":0,"ix":1,"mn":"ADBE Vector Group","hd":false}],"ip":0,"op":108,"st":0,"bm":0}],"markers":[]}